SquareFeet,Bedrooms,Bathrooms,Neighborhood,YearBuilt,Price
2126,4,1,Rural,1969,215355.28361820139
2459,3,2,Rural,1980,195014.22162584803
1860,2,1,Suburb,1970,306891.0120763329
2294,2,1,Urban,1996,206786.78715332696
2130,5,2,Suburb,2001,272436.239065061
2095,2,3,Suburb,2020,198208.80390657106
2724,2,1,Suburb,1993,343429.3191099182
2044,4,3,Rural,1957,184992.321268412
2638,4,3,Urban,1959,377998.58815204125
1121,5,2,Urban,2004,95961.92601406391
1466,5,3,Suburb,1951,191113.76867886042
2238,3,3,Suburb,1987,253358.64500167352
1330,2,2,Suburb,1992,132172.3926169813
2482,4,3,Suburb,1989,231157.02767588635
1087,4,1,Urban,1976,118393.82316264397
2396,2,2,Suburb,1993,267377.3996858498
2123,5,2,Rural,1956,190773.14856300573
1871,4,2,Suburb,1977,172989.80490101498
2687,5,1,Urban,1979,239222.66779695038
1130,4,3,Rural,1962,143050.20178240185
2685,4,3,Urban,1999,405523.82831733953
2332,3,3,Rural,1978,263954.15406277135
1769,4,1,Suburb,1963,148310.62016790514
1343,2,3,Rural,2013,151733.92248999208
2515,2,3,Urban,2013,307961.10738239513
2437,2,1,Rural,2004,276162.86180465267
1805,5,1,Rural,2002,243985.2054715822
1385,4,3,Rural,1996,88030.54185271678
2215,5,1,Urban,1952,282908.98169371625
1955,3,1,Rural,2014,240976.55176671062
1276,4,1,Rural,1965,104747.33458904951
2184,2,2,Suburb,1959,347207.38956128363
1459,3,2,Rural,2006,77493.9314389322
2337,3,3,Suburb,2008,331851.0816694101
1021,4,3,Rural,2013,110408.67080143407
1252,2,1,Urban,1993,127932.75677961827
1747,5,3,Rural,1982,228683.22699618756
1856,4,2,Rural,1959,124711.70785494654
2584,2,3,Suburb,2001,415850.77083678055
1474,3,3,Urban,1959,184819.96119001514
2082,4,2,Suburb,1966,164855.98777549056
1510,3,2,Suburb,2002,156928.01471681413
2705,2,1,Urban,1971,282457.8613741379
2499,5,1,Urban,2021,287591.6728221959
1699,5,1,Rural,1960,156313.5941951282
1975,3,3,Suburb,2016,279764.3710402287
2806,3,3,Suburb,1962,366494.48060208897
1189,3,3,Urban,2007,244539.28168903317
1957,4,2,Rural,1994,239299.9944944986
1686,2,3,Urban,1994,249148.34468610142
1957,3,2,Rural,1992,304197.5798399542
1562,3,3,Rural,2013,89378.55062087673
2899,3,3,Rural,1988,427295.4046033164
2590,5,2,Suburb,1957,328501.8015463275
2267,3,2,Urban,1989,215867.41898458157
1831,2,2,Rural,2000,190058.8928999779
2528,5,1,Urban,1969,259751.15444635937
2154,2,1,Rural,2015,166810.3886512713
2508,5,3,Suburb,2007,352932.1624639027
2842,5,3,Urban,2014,422042.91851435706
1646,4,3,Suburb,1994,91423.61964633202
1020,5,1,Rural,1983,220053.8603574218
1840,5,3,Suburb,1961,216148.20845399628
1166,2,2,Suburb,1972,161587.15372788318
2297,2,2,Urban,2017,194967.90947111318
1387,3,1,Rural,2002,152828.72029115199
1600,4,2,Rural,2002,256725.98094361837
1315,5,2,Suburb,1989,98039.30310069738
1013,4,3,Urban,2002,164858.18694892063
1241,3,2,Urban,1985,199373.18209909194
1776,4,2,Urban,2014,181245.4467436535
2369,5,1,Suburb,1963,209700.7184829428
1564,2,2,Rural,1983,163053.3920501942
1897,4,2,Rural,1975,304004.68986597785
2363,5,3,Urban,2004,308830.9396512381
1091,3,3,Urban,2012,194294.00184175
2390,5,3,Urban,2019,172777.3198326151
1955,4,1,Suburb,1995,197656.07026552537
2478,5,3,Urban,1986,273365.49912049377
2451,5,2,Rural,1972,216047.21814963987
1508,4,1,Urban,1965,149586.15312931265
1775,4,2,Suburb,1981,214171.08224172727
2966,3,2,Rural,1956,277419.0001600792
1034,5,3,Rural,1993,117295.37520060755
1205,2,1,Urban,1996,180760.86745311198
2104,4,1,Suburb,1954,202715.16014761038
2955,5,3,Rural,2012,378403.5710107572
2585,2,1,Suburb,1961,257776.09242432052
2895,2,2,Suburb,2021,266046.87792908505
2411,5,1,Rural,1958,337645.67623531295
2025,5,2,Rural,1993,240145.9702539115
2021,5,1,Suburb,1971,92641.62211021263
2413,2,1,Urban,1995,152037.88283583574
1565,5,3,Rural,1957,149848.61640852437
2129,4,3,Urban,2005,220384.43445019663
2795,2,1,Rural,1977,305658.56385268376
2845,4,2,Urban,1996,318297.25657762005
2500,4,3,Rural,1984,230749.27633657062
1702,5,3,Urban,1970,201925.84088885222
1401,4,3,Suburb,1982,149576.68114338422
1729,5,1,Rural,2019,171877.06629783398
2579,2,2,Urban,1997,245276.73391788083
1161,4,2,Suburb,2003,288571.1271841178
1201,5,1,Urban,1951,87804.5603712397
2981,3,2,Rural,1982,267127.0106286388
1995,5,3,Suburb,1965,221217.76933158594
1269,3,2,Suburb,1999,218784.63298580734
2886,5,3,Rural,1969,315607.02376495936
1815,3,3,Urban,2016,217967.92847377845
2294,4,1,Rural,1994,353343.63401135267
1455,3,3,Urban,1984,187002.96390785457
2485,4,2,Rural,1978,222855.08329639852
2750,4,2,Rural,1994,366548.8223262025
2275,5,2,Rural,1964,259473.27933704839
2016,4,2,Urban,1952,212440.42239452494
2725,2,2,Urban,2018,237066.6856356926
1295,3,3,Urban,1983,158357.6480582802
2748,5,1,Suburb,2020,255619.99775314287
1719,4,1,Suburb,1953,190659.43496867083
2772,3,2,Urban,1968,284985.43569363654
1337,3,3,Urban,1970,214741.228522745
1878,2,1,Suburb,1964,128693.02879404814
2076,3,2,Rural,1966,184051.98271688656
1791,5,3,Rural,2003,242865.26019000952
2945,5,1,Urban,1986,295356.77549321775
1216,4,3,Rural,2003,107868.93208831895
1763,4,2,Urban,1971,207380.13609180792
1187,5,3,Suburb,1957,132828.81413178446
1379,3,1,Urban,1960,84493.6913127725
1492,3,1,Suburb,2019,53360.86540604882
2064,2,3,Rural,1958,296199.3496255564
2180,4,1,Urban,1951,273924.557395998
1014,3,3,Urban,1981,204340.7258965054
2836,3,3,Urban,2000,228582.09695971967
1064,4,2,Suburb,1986,237384.3466275038
2880,5,2,Rural,1955,312245.8679787154
2862,3,3,Urban,1961,219408.62496043238
1520,2,1,Rural,2003,201334.94160447217
2367,3,2,Suburb,1995,221413.57760818722
2152,3,1,Rural,1982,306839.62194227794
1647,2,3,Urban,1967,126756.3572316613
2495,5,1,Urban,1987,328702.8347369156
2086,2,1,Suburb,2008,141074.02839361283
2162,2,3,Rural,1956,220712.46134879728
2522,4,2,Urban,1964,319176.8398973249
1592,3,2,Suburb,1950,245299.2098929523
1391,5,1,Rural,1995,51154.13113008726
2698,3,3,Urban,1981,314018.0283390546
1418,5,3,Suburb,1998,222904.25800629333
1288,2,2,Suburb,1959,115697.77821526627
1378,4,3,Suburb,1966,140714.77037514705
2796,2,3,Suburb,1969,178353.14814536367
2513,3,1,Suburb,2000,280022.0311214733
1230,4,1,Rural,1971,136418.4807787985
2017,4,2,Urban,1969,195803.97033590678
1040,3,2,Rural,2014,98933.43906530601
2051,5,1,Suburb,1953,185052.5631740863
1134,4,3,Urban,2003,160764.43940877952
1200,5,3,Suburb,2014,156394.27348181067
2863,5,1,Suburb,2000,333464.1490294491
1779,5,1,Urban,1960,211994.3281859909
1929,4,1,Rural,1976,252779.69087222763
2056,2,1,Urban,1975,288750.4043072761
2071,4,3,Rural,1966,185482.06063162314
1502,2,3,Suburb,1991,119671.36894790281
1406,4,2,Suburb,1997,148891.4193350198
2597,2,1,Rural,1982,235810.22355681533
2751,2,2,Suburb,2010,357765.11724448414
1804,4,3,Rural,1978,216771.35995628755
1098,5,2,Rural,2012,102580.49836622813
1683,5,3,Urban,1986,208774.14233121456
2895,2,3,Suburb,2005,302454.6401474587
1725,3,2,Urban,1965,208558.78172335384
2570,3,2,Urban,2005,276434.5399454463
1960,4,1,Suburb,1991,220786.7119550845
2762,4,3,Urban,1973,354268.47524739604
1612,4,1,Suburb,2018,142420.97226095255
2966,3,1,Suburb,1980,299146.59537507093
2485,5,3,Urban,1960,321647.4526525699
1642,4,2,Suburb,1951,216976.90806023663
2792,4,1,Suburb,2020,243179.70337319985
2028,5,1,Suburb,1984,184210.77355558553
2241,2,3,Suburb,2011,175779.56815188617
1502,4,2,Urban,2003,162271.08640489963
1766,3,2,Rural,2018,240727.03972085554
1397,3,1,Urban,2000,186900.94639311853
1870,4,3,Rural,1958,208692.1497994106
1794,3,1,Rural,1963,114333.69387419586
1392,5,2,Rural,2005,225281.32417764858
1206,2,1,Suburb,1983,110852.45257182162
2038,2,3,Rural,1950,206119.18171087178
2881,4,1,Suburb,1987,292218.3734233528
2577,4,2,Suburb,1966,209166.2973385366
1891,2,3,Suburb,1965,283220.10867648444
2484,2,3,Urban,1997,354538.82144245284
2714,4,3,Rural,1999,290954.49181524914
2598,3,3,Urban,2020,207377.55545532453
1863,4,3,Suburb,1990,267934.0925699399
1742,5,1,Urban,1993,235034.89983819606
2264,4,3,Suburb,1964,246611.88309182983
1563,4,2,Urban,2010,314867.65157339314
2020,4,3,Suburb,1999,278092.75713699666
1095,4,2,Suburb,2001,88443.38397499491
2923,4,2,Urban,2001,235396.4544878884
2757,4,2,Suburb,1985,280503.8129283642
1484,3,2,Rural,1982,273072.3372618648
2430,4,2,Urban,1994,252666.84831969367
1230,2,1,Urban,1951,133914.40680878342
1748,4,2,Suburb,1950,142717.8302268369
2678,3,2,Urban,2019,266197.0443802551
2194,5,2,Rural,1996,245433.69445927496
1540,2,1,Urban,2013,177796.40298151918
2059,4,3,Rural,1967,226582.27427106167
1524,4,2,Urban,2003,170745.4653213651
2183,2,1,Rural,1984,194059.37069774355
2862,4,1,Urban,2008,347187.40927735553
2722,3,1,Rural,1985,345978.9788809702
2266,4,3,Suburb,1975,323981.5079872238
2109,5,1,Urban,1994,185909.90163690777
2819,3,2,Urban,2018,231642.41525201904
1577,4,2,Rural,1979,181472.0115124785
1681,5,2,Urban,1982,247683.38181415357
1556,2,3,Rural,1972,174119.77971258396
2597,3,1,Suburb,1970,249931.38186463085
2976,4,2,Rural,2012,352084.04725339817
2012,4,2,Urban,2019,356256.91027704417
1645,2,2,Suburb,2017,115738.60239613194
1795,2,3,Rural,1985,265399.2764300769
2051,3,2,Rural,1986,205543.45249877236
2643,3,1,Suburb,1950,248155.87168453963
2579,3,1,Urban,1975,318796.39679075696
2363,4,3,Urban,1991,254479.2559878204
2821,4,3,Urban,1989,248782.21694158542
2981,3,3,Suburb,2002,320922.1761831169
2354,4,1,Rural,2011,265274.0039736152
2663,2,3,Suburb,1993,283301.9362070697
2529,5,3,Rural,1985,291195.67134809634
2371,4,1,Suburb,1953,240277.00975870187
2496,3,2,Rural,1970,316708.5953854667
2254,4,3,Rural,1966,267724.6993464473
1189,2,2,Suburb,1965,52033.759292684874
2248,3,2,Suburb,1990,157260.98352993536
2408,5,2,Suburb,2004,349887.387165537
2400,3,2,Rural,2006,302581.5244158059
2306,3,3,Suburb,2015,267740.43466516037
2981,3,3,Rural,1987,296942.7544003423
1632,4,3,Rural,2005,211665.6221785599
1627,5,1,Suburb,1986,240462.67775685625
1972,2,1,Urban,1999,221900.77310879895
2768,4,2,Urban,2004,337510.5084427254
2282,5,1,Rural,1950,351438.5468115283
2382,5,2,Rural,2014,207718.7411877128
1709,4,2,Urban,2014,187379.39012426994
2479,3,3,Rural,1993,325104.8263530242
2434,5,3,Urban,1961,234064.51365009736
1648,2,1,Rural,2002,168976.49535597963
1317,4,3,Rural,2010,72491.39025921248
2700,5,1,Suburb,1962,397825.33643637935
2248,2,3,Urban,1991,224680.0524200836
2842,2,3,Rural,1995,297609.7185248232
2257,2,1,Urban,1991,211357.56307458415
1683,2,2,Suburb,1965,191156.38414084713
1663,4,1,Urban,1993,198444.2855472129
2998,2,3,Rural,2019,227602.84522047613
2850,4,2,Urban,1965,227374.5843014784
2397,2,3,Suburb,1971,311492.246607957
2695,2,3,Urban,1984,341035.6518169741
2631,4,3,Urban,1998,329215.4127322002
2495,3,2,Urban,2020,189722.8949577994
2256,5,3,Urban,2013,315304.2483174342
2715,5,1,Rural,1980,229019.4794959325
2136,4,1,Urban,1950,218041.2170573715
2853,2,1,Suburb,1974,256367.86432807602
2520,4,2,Urban,1969,427589.0870411169
1441,2,1,Suburb,1957,161116.81865195103
1563,4,3,Suburb,2013,182494.88596722667
2291,5,2,Suburb,1965,276165.905109651
2533,4,3,Suburb,2004,314516.6129790323
2830,5,3,Rural,1975,272012.265169515
2409,5,3,Urban,2014,342249.54232187086
2410,5,1,Urban,1977,258023.51102204097
2136,4,1,Rural,1995,115459.88197304335
2636,3,2,Urban,2003,240419.97390434358
2648,4,2,Rural,2003,388951.7892392383
1951,4,1,Suburb,2021,250119.2128528494
2104,3,1,Urban,1998,210586.97653456446
1698,3,3,Suburb,1995,234243.624414166
1112,5,1,Urban,1950,69293.96649206044
1001,2,3,Urban,1993,163837.68243703258
1641,2,1,Urban,1953,252127.98625111562
1219,5,3,Suburb,1980,117989.35682972189
2589,4,1,Rural,1964,313948.4453118486
1854,2,1,Suburb,1950,254919.27518581902
2759,4,2,Rural,2021,197521.82717092487
2248,3,2,Urban,1955,198494.040257516
1384,3,3,Urban,1976,152204.7558913935
2426,5,2,Urban,1975,308529.3077393932
2661,4,2,Urban,2015,308854.90099919715
2153,5,1,Suburb,1962,246860.55002366885
2076,2,3,Rural,2020,225867.2386279585
2707,2,2,Rural,1983,249678.22890096114
1729,2,2,Rural,1982,108636.47522678511
2695,4,1,Urban,1989,299818.56075223465
2733,5,1,Suburb,1992,290094.597001723
2439,5,1,Urban,1956,272077.872708492
1246,2,3,Rural,1988,130941.48294297825
1835,5,1,Suburb,2015,241849.2414576917
2462,3,3,Suburb,1985,206273.30005677108
1202,3,1,Urban,2013,155086.4598591631
2207,3,2,Suburb,1953,169742.87033019328
1122,3,3,Suburb,1971,148324.403196361
1400,5,1,Suburb,2020,184460.04344561708
1766,3,1,Urban,1953,138095.4799175649
1293,3,2,Urban,2013,205414.91045580094
1279,3,2,Suburb,1971,183265.3989623526
2860,3,2,Urban,2011,284616.467279546
1883,3,1,Suburb,1989,181947.64288404406
2633,4,2,Rural,1969,284003.76941338705
1197,4,2,Rural,1958,90959.78932620135
1981,3,3,Suburb,2014,198755.14636608923
2930,3,3,Rural,1972,370459.8290291032
2534,5,3,Rural,1984,348379.26646709716
1751,3,1,Rural,2008,270704.1541412828
1143,2,3,Suburb,1963,168931.8286047524
1608,4,1,Urban,1993,189126.05140688832
2224,3,2,Suburb,1971,218168.70814067312
2147,4,1,Suburb,1977,199220.19550723606
1186,3,1,Urban,2008,129960.0168172268
2349,2,2,Suburb,1996,281507.7449630544
1463,3,3,Suburb,2017,169378.78481722157
2372,4,3,Suburb,2019,248599.10766121934
2794,4,3,Rural,1966,411678.0284271322
1659,4,2,Suburb,1980,119032.8829834174
1763,5,1,Suburb,1963,230075.0498156624
1954,4,2,Urban,1998,122604.95616584706
2955,3,2,Rural,2016,296998.838109315
1402,2,2,Rural,1970,109470.14273140584
2369,2,2,Suburb,1962,246212.1973150715
2986,3,1,Rural,1999,310583.0758590737
2534,5,3,Rural,2017,233756.8863821809
1146,3,3,Urban,1961,100102.22524595106
2171,4,2,Urban,1997,199324.84069986542
1863,5,1,Rural,2013,331026.59636098804
2734,3,2,Urban,1964,231041.34837459872
2843,5,1,Suburb,1965,333530.0633743215
1488,2,2,Urban,2021,61092.661234490224
1928,3,3,Suburb,1999,205778.31244126556
2959,3,3,Urban,1990,384570.73645143723
2663,2,2,Rural,1953,339772.9527372086
1550,5,3,Suburb,1969,186745.12964093967
1337,2,2,Urban,1957,185559.0801900139
1871,5,1,Urban,2017,213894.31463154923
1640,3,1,Suburb,1996,180978.0156828019
2802,5,1,Urban,1982,243011.57473076603
2976,5,1,Rural,1954,265075.948204332
1472,4,2,Suburb,2017,163315.12699992972
2969,4,3,Rural,1990,384847.049904619
1150,4,1,Suburb,2010,190479.19894101738
2438,2,3,Suburb,1973,204129.21432556078
2321,2,2,Suburb,1976,249930.11762966187
2634,4,3,Suburb,1978,372750.474809396
1262,3,3,Rural,2016,189650.20106156013
2787,3,3,Rural,1986,308299.31208062085
1143,3,2,Suburb,2002,95784.07401708022
1345,2,2,Suburb,1951,165456.11841318812
1623,5,2,Rural,1986,236531.66553606672
2016,2,3,Suburb,2021,212190.754931357
2595,4,1,Suburb,2014,298280.3606844734
1880,5,1,Rural,1997,172765.2509259063
1001,3,3,Rural,1998,151917.35363762768
1896,2,1,Rural,1996,196497.06930440952
2327,2,1,Urban,1953,212603.17016952918
1253,4,3,Suburb,1952,205827.91372135773
2675,3,2,Rural,1985,350608.1323068653
1452,2,1,Suburb,1955,64055.91437875759
2060,2,2,Urban,1983,202645.46873652586
2183,5,1,Rural,2001,215636.3058238462
2014,2,3,Rural,1980,210336.9814886116
1008,5,3,Suburb,1983,161063.73607289075
2256,2,2,Suburb,1991,162732.68100454088
2122,3,2,Rural,1997,283190.3905839381
2682,4,2,Rural,2005,257018.55714456557
1815,3,2,Suburb,1967,161315.08881199546
1207,4,3,Suburb,1963,171344.51259950385
2154,2,3,Rural,2018,301758.3277786632
1403,3,3,Urban,2007,186512.31866156854
1151,5,2,Suburb,2019,147961.73986336417
1053,4,3,Suburb,2005,96856.0932254072
2143,4,3,Suburb,2002,241976.24174705177
2696,2,1,Rural,2018,256546.84581714938
2943,4,1,Rural,2009,245612.12503446644
1627,4,1,Rural,1981,192616.91072899688
1586,4,2,Suburb,1996,234537.62534371638
2648,2,2,Suburb,1971,266525.8016301305
2991,3,3,Urban,1953,411274.8172102008
2443,2,3,Rural,1974,241617.27376623056
2445,5,2,Rural,2010,230463.81535562873
1103,4,1,Suburb,1961,249885.94696430844
2875,4,3,Suburb,1980,320712.17394718895
1253,3,1,Urban,1950,131536.1635751427
2250,4,3,Suburb,2010,258681.64856947906
2135,3,1,Suburb,1955,236721.57971005858
1509,4,3,Suburb,1971,152417.95938444213
2496,4,1,Urban,1961,277449.0163566118
1098,2,1,Urban,1972,97639.64420350434
1152,2,2,Urban,1984,68864.72803706494
2884,5,3,Urban,1963,292602.0202390748
1913,3,1,Urban,1979,163126.63462798466
2919,5,2,Rural,1971,316117.1565885165
1877,2,3,Suburb,1965,173591.51575437415
1337,3,2,Urban,2020,245240.86934782268
2729,2,1,Urban,1964,299136.08095898724
1821,3,3,Urban,1951,102620.91177154331
2186,4,1,Urban,1971,174740.9101274219
2743,5,1,Suburb,2012,303839.76221234776
1956,5,2,Suburb,1964,255500.65029565291
2704,3,1,Rural,1968,305226.1480002337
1160,5,3,Suburb,1970,174048.9195625192
2603,2,2,Urban,1976,240369.9407103269
1800,5,1,Urban,1968,310732.5930169608
1397,3,1,Urban,1975,125680.08165265151
2300,5,1,Urban,1998,303253.7531069421
1815,5,2,Suburb,2007,137931.9765937645
2939,2,3,Suburb,2016,238181.44457414243
2527,4,2,Rural,1974,299144.4834011201
2919,2,1,Suburb,1971,340122.3586828582
2415,5,2,Urban,1963,230193.17872318526
2158,5,1,Urban,1958,300494.89658879273
2218,4,2,Suburb,1971,267560.2687840433
1400,4,1,Rural,1964,173748.30901295756
1639,2,2,Rural,1989,198112.8732028993
2056,4,1,Suburb,2014,237224.42820565245
1687,2,1,Suburb,2002,130383.64975103101
1459,3,2,Suburb,1980,248587.29005790915
1954,5,2,Urban,1959,268826.7410314462
2906,4,1,Suburb,1983,307426.13760987023
1469,3,3,Suburb,1986,224293.97218700784
2398,3,1,Rural,1962,335992.37884796556
2045,2,1,Rural,1987,265649.0843029641
1749,2,3,Urban,1994,218960.64723109922
2693,4,1,Rural,1959,257512.558546102
1037,2,2,Rural,1971,86619.3046619419
1229,3,2,Suburb,2010,48780.11212797354
2388,3,3,Rural,1987,274896.26156200573
1562,5,1,Rural,2007,181237.83172594447
1437,3,2,Rural,1975,49052.37096077934
2799,4,1,Rural,1998,182649.23827465356
2306,5,3,Rural,2011,347942.00526169845
1026,2,2,Rural,1958,31998.01567703142
1225,5,3,Rural,2009,181103.2634891242
2300,3,1,Rural,1979,172216.0833107921
1797,4,1,Urban,1970,273262.8516738026
2632,2,1,Suburb,1999,306987.05161477905
1283,2,3,Rural,1978,172933.77203910236
1878,3,2,Suburb,1989,159685.44672150235
1959,4,3,Rural,1966,244916.4657968306
2504,3,2,Urban,2017,250927.64164111175
1452,3,1,Rural,2013,86276.33242040729
2019,4,1,Urban,1972,209029.94857251868
2852,3,3,Rural,1956,267060.0307693574
1815,4,2,Rural,1983,158867.81990114367
1658,4,1,Suburb,1973,200254.71870535077
2539,3,1,Rural,1956,197039.39492254212
1546,3,3,Rural,1957,251427.1553830112
2215,5,3,Urban,1952,298798.8574661124
2072,2,2,Suburb,1953,209615.38378607781
2535,2,1,Rural,2012,343628.22962201404
1016,4,2,Suburb,2015,86742.69815572829
2195,5,2,Suburb,2018,260504.83069560924
2243,4,2,Rural,1959,267664.3312110141
1157,5,3,Rural,2012,87137.890454451
1476,4,2,Rural,1986,217625.4427144939
2069,2,2,Rural,2021,179619.68105889083
2396,5,2,Rural,1952,304272.5427676434
1517,3,3,Suburb,1978,180446.9392014465
1098,3,3,Urban,2011,96810.15543797814
2915,2,1,Suburb,1982,293526.34787643905
2768,5,3,Rural,2009,333027.9076426232
2060,3,3,Suburb,1991,261561.33142323635
1279,3,2,Urban,2011,60826.5300881568
2372,3,1,Suburb,1955,278442.1634559852
1496,2,3,Rural,1998,123828.10360692852
1301,4,1,Rural,2021,88586.0572983957
1180,3,2,Rural,1992,134443.89746195945
1606,3,3,Urban,1958,136925.17083144034
2122,4,2,Rural,2000,234164.89095596637
1699,3,2,Rural,1963,150304.54943999165
1992,5,1,Rural,1973,240050.4959834057
2139,3,3,Rural,2021,277542.7034815458
1190,4,1,Suburb,1982,197241.25178700703
1252,2,2,Rural,1978,101805.59807931489
1980,2,3,Suburb,1951,197810.6222732038
1927,5,2,Urban,2001,172279.06490573462
2184,3,1,Suburb,1994,205236.28390756497
2279,3,1,Suburb,1987,206408.53323173913
2346,4,2,Suburb,1994,279439.98438546
1127,4,1,Suburb,1965,127174.72259461066
1017,5,1,Suburb,1996,127458.03900892238
2816,5,2,Suburb,1974,356063.8292210288
2758,3,3,Urban,2006,344787.61939305766
1565,3,3,Rural,1968,153282.85159103858
1569,5,3,Urban,1987,23125.99668198565
2346,2,2,Suburb,2015,297939.72321022314
2895,2,2,Suburb,1956,348536.6136271412
1685,2,1,Suburb,1969,145096.73485398138
2815,2,3,Urban,1953,316533.4621599929
1625,5,1,Suburb,1964,273166.55995466077
2311,4,2,Urban,2013,343467.41393072536
2966,2,3,Suburb,2006,258865.961319416
1853,5,2,Suburb,1999,197763.06532333908
2686,2,1,Urban,1966,196431.16181485064
1961,3,1,Urban,1965,192271.5714413316
2662,2,2,Urban,1952,252805.98468674353
1154,5,2,Urban,1994,20075.486093939282
1489,3,3,Suburb,1993,225167.54229185852
2409,3,2,Suburb,2011,333108.7015124155
1784,2,1,Rural,1958,253462.8412249309
2127,2,1,Suburb,2009,273921.24430261354
2952,3,2,Suburb,2006,230500.45057300347
2416,4,2,Suburb,2010,361696.08103968867
2834,5,3,Suburb,2013,319789.84660978575
1245,5,1,Suburb,1966,174765.256712796
2199,5,1,Rural,2007,300718.816645502
2062,5,1,Urban,1996,261326.85093700883
2500,5,2,Suburb,2001,363561.90944479185
2705,3,1,Suburb,1967,251734.5890102333
1758,5,2,Urban,1986,280965.8950193331
1537,4,3,Urban,2019,110904.32560798929
2890,4,2,Rural,1966,335743.30890850566
2841,2,3,Rural,1952,276296.33685332374
1920,2,3,Rural,1982,222212.13213889327
1407,2,2,Urban,1956,221697.81574055224
1524,2,3,Suburb,1951,223582.38488034377
1827,3,2,Urban,1983,206212.79258609767
2529,4,1,Suburb,1953,214945.59477018565
1902,3,2,Urban,1998,152143.29657619866
2848,4,3,Urban,1966,376480.3015198191
1035,3,3,Urban,2020,135298.4456835019
1684,4,1,Urban,1961,160232.42030870466
1019,2,2,Suburb,1993,70855.37071563367
1320,4,1,Suburb,1998,183736.72702839092
2799,2,3,Suburb,2018,388318.721111638
1511,4,2,Suburb,1966,165073.71563418454
1399,3,3,Rural,1987,213210.04341613041
1653,5,2,Rural,2005,140382.87226040527
1971,4,1,Urban,2010,260495.08469184453
2906,3,1,Suburb,1981,385304.7144909709
1470,5,3,Suburb,2005,144254.79594351217
2166,3,1,Urban,1972,277469.1074047808
2115,5,1,Urban,2015,252361.13148515002
2377,2,3,Urban,2016,256202.9962478454
1833,4,3,Suburb,1954,139343.72748855263
2823,3,3,Suburb,1972,246154.6872755705
1726,4,2,Suburb,2000,218372.93023353268
2982,2,3,Rural,1974,309839.69209195976
1853,2,2,Urban,1973,219293.01058537516
1050,4,3,Suburb,1979,203482.18891241722
2688,3,2,Urban,2000,220036.03048250676
2721,3,3,Rural,1979,365466.45278472325
1574,3,2,Urban,2021,125013.14514330492
2213,4,1,Suburb,1995,234126.80566940553
2148,3,3,Urban,2006,213331.2022846543
1149,3,3,Suburb,1978,91677.17431357039
1313,5,2,Rural,2011,262434.5217293376
1569,3,1,Rural,1978,184359.53807411878
2365,2,1,Suburb,1986,323820.0405682337
1304,3,2,Rural,1989,97808.59675103222
2715,4,3,Urban,2004,298075.9523945043
1681,4,1,Rural,1975,128702.11481480266
1837,3,3,Rural,1976,129730.19741095706
2806,4,2,Rural,2000,326637.4753191202
2077,4,3,Rural,1971,241442.143756707
2002,3,1,Suburb,2014,259033.56960911636
1443,5,2,Rural,1987,299103.33982685435
1612,5,1,Suburb,1950,127303.85743184251
1992,5,3,Suburb,1964,210318.9028635672
1263,5,3,Suburb,1960,188936.21799927182
2076,2,2,Urban,2005,185380.12933067384
2595,3,1,Urban,1987,294176.3398072445
2003,4,1,Suburb,2003,198735.76407487175
2643,4,1,Urban,1972,268807.8484225868
1004,3,2,Rural,1986,65228.451657181766
2126,4,3,Urban,2000,262087.5685406145
2219,2,3,Rural,2010,255398.7488360053
1773,5,3,Urban,1971,200902.12100795482
1876,3,1,Suburb,2015,237628.6476429031
1991,4,2,Suburb,2004,201135.28609513523
1883,2,1,Urban,2016,327202.41442370834
2373,4,2,Rural,1975,313572.8518403207
1046,2,1,Rural,1987,161735.08959988356
1866,4,2,Suburb,1999,135186.94087616628
1822,5,1,Rural,1972,206442.25251652248
1935,3,1,Suburb,2002,176508.47514546313
2843,5,2,Urban,1988,295895.5580713673
1655,5,3,Urban,1972,215023.38326044296
1268,4,3,Urban,2015,145269.20365725964
1369,5,2,Suburb,1977,156946.23886717143
1635,3,2,Urban,2009,246606.27246872173
2129,2,3,Rural,2016,194238.86404489263
2693,2,1,Suburb,1959,281991.7020085731
2682,4,3,Rural,1983,258071.88013024026
1656,3,2,Urban,1950,149913.01063562068
1119,3,1,Suburb,1986,118571.52430081721
1830,2,2,Suburb,2017,258490.79490966222
2810,2,3,Suburb,2020,237178.03687268018
2627,5,1,Urban,2016,283416.61176366487
2081,4,3,Suburb,2007,234682.71104543685
2974,2,3,Suburb,1965,236267.06232456485
2369,2,3,Urban,2013,220216.97133488394
1740,3,1,Urban,1977,231805.26962883922
2497,3,3,Rural,2019,293908.2936846775
1116,3,1,Rural,1977,148823.04632708835
2853,2,3,Rural,1967,317837.8614141733
1790,4,3,Suburb,1992,311154.7318744357
2150,5,2,Urban,1963,256000.1605924757
2416,4,3,Rural,1971,215724.19497451393
2931,2,1,Rural,1963,249356.73674787677
2012,5,2,Urban,1968,223423.08229570035
2664,4,1,Suburb,1968,272864.8009845355
2081,2,3,Urban,1988,202344.3255562944
1633,4,2,Urban,1982,228849.23363704217
1512,2,2,Urban,1987,240983.2420495493
2774,3,2,Suburb,1981,289649.3015046294
1801,4,1,Rural,1963,144200.25472284656
2119,3,2,Rural,1972,257560.4742361165
2661,3,2,Suburb,1975,273196.6206523907
2141,5,1,Urban,1999,235009.57750414917
1559,5,1,Urban,2018,166047.69062077426
2624,4,1,Rural,2004,258771.5961898808
1487,2,3,Rural,2016,96385.9182789763
2260,5,1,Urban,1969,246585.67000113003
2908,5,1,Suburb,2005,304455.99187438824
1896,3,2,Rural,1964,171955.104831796
2295,3,3,Suburb,2008,175119.20936481262
2212,2,2,Suburb,2006,273977.7959903137
1703,5,1,Urban,1980,133660.82096467528
2470,5,1,Suburb,2018,276587.1870510741
1580,2,2,Urban,1963,199265.55216972076
1789,5,3,Suburb,1971,133679.26622996147
1860,4,3,Rural,1996,187289.18440161628
1246,4,2,Urban,1991,195380.2522240877
2986,2,1,Urban,2020,290467.5265903441
2099,3,3,Urban,2010,125993.07265561479
1153,2,3,Urban,1954,164864.4865169759
2679,4,2,Rural,1973,271131.6959591951
2458,5,3,Urban,1963,272401.7092102525
1996,5,1,Urban,1997,214623.9275419516
2109,3,2,Rural,1964,270288.24876943545
1696,3,3,Suburb,1977,263720.90173653525
2308,4,1,Rural,1982,343733.4612602183
2997,3,1,Suburb,1996,386973.6452388685
2243,2,2,Urban,2000,232462.4527446684
2092,4,2,Urban,2005,246644.1788837266
2070,5,1,Suburb,2015,136921.1150485443
2008,5,1,Urban,2003,265746.5807708745
1093,5,3,Rural,1950,118967.69191518334
2773,3,3,Rural,1962,225775.6618982253
1957,4,3,Rural,2004,291978.29503658274
2011,3,3,Suburb,1993,261283.99639617518
1452,2,3,Suburb,2003,240942.6385063934
2227,4,2,Suburb,2016,216203.91808913858
1911,3,3,Urban,1998,132355.8167088826
1217,5,3,Suburb,2019,228079.11351403582
1473,5,3,Rural,1958,148489.51219153902
1431,2,1,Suburb,1992,150462.64176160205
1340,2,3,Rural,2014,226047.232175168
1550,2,2,Urban,2013,115706.61525987923
2635,5,1,Suburb,1988,270138.59707251686
2312,3,1,Rural,1986,200589.02878504654
2277,5,3,Rural,1975,258865.26034286627
2757,5,1,Suburb,1983,296494.37010478094
1356,5,3,Urban,1985,122490.16195532805
1022,3,3,Suburb,1995,115202.93724042212
2785,5,3,Urban,2013,341637.3346327042
1521,2,2,Rural,1975,202351.35724556248
2781,2,1,Suburb,1959,303105.48908660375
2860,2,1,Suburb,1980,311183.9181239788
2123,2,1,Rural,2007,149038.00718782184
1801,5,1,Urban,1977,270736.49580213847
2203,5,1,Suburb,1984,263493.245593864
2246,5,3,Suburb,2006,324176.94259542966
2929,2,3,Suburb,1969,337269.8823295874
1761,3,3,Urban,1985,249808.3088836096
2682,4,2,Rural,2012,240370.01190998117
1441,4,2,Rural,2019,316311.3312099292
2631,4,2,Rural,1993,301656.17346017965
1768,3,2,Urban,1962,245823.79008430173
2015,5,1,Urban,1982,260271.79196695355
2348,4,2,Rural,1999,223081.9973620505
1515,4,1,Suburb,1994,133643.3552048616
2039,5,1,Urban,2004,235473.2568647501
1791,4,1,Rural,1999,152462.49930589722
1335,5,3,Rural,2001,255989.5045800418
2782,4,3,Suburb,1996,326470.3363906014
1257,5,1,Suburb,1992,218502.8587774109
1496,2,2,Urban,1959,202684.77305729603
1895,3,1,Urban,1997,159563.627499803
1159,4,3,Rural,2017,167817.14670311325
2498,5,2,Urban,2004,328340.9621873803
1851,2,3,Suburb,1991,206542.45604190213
2687,5,2,Urban,1980,254673.65477120708
2931,4,3,Urban,1979,301490.2157597572
1689,4,1,Urban,2019,211224.04411416216
2698,4,3,Urban,1956,345220.80546968256
1379,4,2,Suburb,1981,103848.36089510174
2568,4,3,Urban,1991,254537.2982707633
2952,2,2,Suburb,1975,352850.78542387614
1956,5,3,Urban,1961,173719.79582802267
1690,5,3,Rural,1963,197888.10794813436
2450,4,1,Urban,1990,265276.1460098992
2636,5,2,Suburb,1992,338456.4113885329
2291,2,2,Suburb,1979,260643.21849028897
2858,4,1,Rural,1958,304034.385670048
2600,3,3,Rural,1969,287191.8105601077
2440,2,2,Suburb,2017,270580.7139209375
2191,4,2,Suburb,1974,252500.3190369424
2865,5,2,Urban,1952,371294.7232165792
2066,2,1,Suburb,1986,257401.59886460408
2579,4,1,Suburb,1977,284904.80234744615
1284,5,2,Rural,2009,211770.31701769648
1396,5,3,Suburb,2009,286856.5217117545
1011,4,3,Rural,1969,175101.11485297672
2630,2,1,Urban,2018,261717.15411096477
2325,4,3,Rural,1957,192111.8457088134
2921,4,1,Urban,2021,287287.6099467984
2276,4,2,Rural,1981,255596.0404676911
1498,4,2,Rural,1973,288403.4882448866
1753,4,2,Urban,1974,185248.1657127602
1034,5,1,Suburb,1969,209782.43902802345
1726,4,3,Rural,2002,215865.8500989949
1848,2,2,Suburb,1970,174158.99432206358
1089,3,3,Suburb,1978,80169.25806211587
1775,4,3,Suburb,2011,197440.8406320433
1604,2,1,Urban,2021,138311.8452227575
2945,3,1,Rural,1983,272553.0410251459
1969,2,3,Rural,1996,150367.97259513475
2625,5,3,Suburb,1991,267944.92750139127
2021,5,2,Rural,1958,192499.13853638052
1417,3,2,Suburb,1985,154703.87797049983
1114,3,2,Urban,1956,132670.1551484759
1616,3,3,Urban,2016,143155.4262902804
2926,5,1,Rural,1983,297645.4550119479
2219,5,3,Suburb,2005,246920.26484897672
1825,2,2,Urban,1986,230264.15501264585
2524,5,2,Rural,2019,328545.8605296379
2649,3,1,Suburb,2004,270556.70020546595
2516,4,3,Suburb,1985,275162.44503035053
2098,4,2,Rural,1959,185514.4834638632
1412,3,1,Suburb,1990,149130.08966753018
2399,5,2,Rural,2000,214095.0543062111
2443,3,1,Rural,1954,290060.3012191346
1728,5,3,Urban,1986,149000.2885716802
2300,4,1,Urban,2006,267485.9013006865
2020,2,3,Rural,1978,190984.00846955905
1760,5,3,Suburb,2005,329138.6055529518
1675,2,2,Urban,1980,216085.781634223
2417,4,3,Suburb,2001,298584.9525466047
2892,2,2,Rural,1962,295605.4558659616
1456,2,2,Rural,1978,220667.13737644893
1919,3,3,Suburb,2007,224202.08579012437
1191,2,1,Urban,1977,103169.83082983548
1738,4,3,Urban,1980,241772.0661041939
2712,5,3,Urban,1996,305954.64946368407
2122,2,1,Urban,2014,152222.32123196096
2571,5,2,Suburb,2009,239857.87116430115
1977,3,2,Urban,1979,284245.94156282244
2008,4,3,Suburb,2017,214463.71330122603
1095,4,1,Urban,2021,172054.11113967386
2687,5,1,Urban,2003,233840.69335767598
1662,4,1,Suburb,2013,240334.624479816
2213,3,1,Suburb,1961,143838.14535935596
2759,5,3,Suburb,1961,231149.53446815303
1036,4,3,Rural,2005,57693.11512567874
2803,3,2,Suburb,1968,314396.5661139018
2392,3,1,Rural,1985,269266.977581019
2718,2,3,Suburb,1963,246523.69977593367
2548,4,3,Suburb,1953,192436.58603816613
1278,5,1,Suburb,1954,214298.28957923286
1216,2,1,Rural,1991,151148.9419555298
1866,5,2,Rural,2009,241160.6363713378
1872,2,1,Rural,1986,211510.34112149564
2821,3,2,Suburb,1980,230251.8348146053
2296,2,2,Suburb,2006,228944.86231109366
2904,2,1,Rural,2001,272997.60155766347
1061,2,1,Rural,1992,71057.43729236326
1595,4,3,Suburb,2004,138738.90112488047
2903,2,1,Urban,1958,306800.5024859408
1728,3,1,Rural,2001,221433.42593213933
2365,5,2,Suburb,2002,260065.91839526407
1396,4,1,Urban,1982,193685.51749938735
1698,3,3,Urban,1951,253164.40903462144
2042,4,3,Rural,1972,260611.24503988435
1176,5,1,Suburb,1965,191111.80359067806
2635,5,1,Suburb,1997,236979.26516775688
1395,5,2,Rural,1953,142709.2132430368
1444,4,1,Rural,1974,90595.44336075484
2256,4,2,Suburb,2017,232944.41916603598
2938,5,1,Urban,2016,208320.65492302965
1075,5,2,Rural,1988,170587.70088704966
1264,3,3,Suburb,1971,185462.10056795456
1454,5,1,Urban,2009,119379.40658699267
2819,2,1,Urban,1985,304423.6713133684
1717,4,2,Urban,1998,240869.40724980322
1734,3,2,Urban,1982,212119.8414692286
2407,4,1,Urban,1968,201291.27162474324
2587,5,2,Suburb,2020,283949.7947263424
1850,2,1,Suburb,1955,237898.5327935223
2529,5,3,Urban,1977,218263.07829683938
2390,4,2,Suburb,2014,222996.20083676538
1143,3,1,Suburb,1963,148993.25117853231
1884,4,3,Suburb,1961,239641.31802085374
2092,3,1,Rural,2008,226598.7974864433
2122,2,1,Urban,2020,229393.30717687766
1395,5,3,Urban,1957,145356.12903263618
2048,5,2,Suburb,1959,218497.79846746355
1947,2,3,Suburb,2019,111367.23862298971
1890,4,1,Suburb,1997,205937.96500738442
2492,2,3,Rural,2003,319363.7891736062
2507,5,1,Rural,1999,321563.40710783505
2588,3,3,Urban,1996,319101.47520436335
2174,5,2,Urban,1978,205614.38829094707
2167,4,3,Rural,1958,266521.92740215774
1568,3,3,Rural,2015,129901.83080778556
2062,4,2,Rural,2018,246504.01107683702
1108,5,1,Urban,2003,82999.51438098928
2716,5,3,Urban,1965,207232.53134222017
2065,3,1,Urban,1957,135032.7138610993
2209,4,3,Suburb,1971,296655.18677291024
1934,3,2,Urban,1964,259611.21731599883
1397,3,3,Suburb,1977,154224.85545384552
2246,4,1,Urban,1978,184167.682777678
1633,3,1,Urban,1981,128511.64008197584
2156,2,2,Urban,1965,199376.22255012847
2186,3,1,Suburb,1982,305463.2842137745
2238,5,2,Rural,1985,230947.2624105161
1732,4,2,Suburb,1988,199698.29937561287
1234,5,1,Urban,1999,196146.75126065977
2866,2,1,Rural,2017,274487.713034125
1657,2,2,Suburb,1963,185033.50732951437
1750,3,1,Rural,1988,222984.37232313093
1587,5,2,Suburb,2020,208334.57395061577
2032,3,3,Rural,1969,254289.73022892696
2097,3,1,Urban,1999,247007.8117062886
1953,5,1,Suburb,1988,189607.32320622526
1491,2,2,Suburb,1957,188387.2146763888
1912,2,3,Suburb,1979,217927.1091427364
2276,2,3,Rural,1969,211264.24766899474
2253,4,1,Urban,1977,193911.85871865976
2542,4,2,Urban,2019,260737.61521321532
2197,3,2,Urban,2003,277508.1067969679
2676,4,1,Suburb,1969,288139.6440456853
2191,4,3,Suburb,1972,310818.2996654319
1169,5,2,Rural,1988,144823.8783201593
2416,3,2,Suburb,1983,216479.2312111171
1945,3,1,Urban,1971,208194.23872286794
1794,5,1,Suburb,2006,253265.03767050477
1633,2,3,Urban,1996,244006.21151038917
2217,5,3,Urban,1967,186245.8282964399
2540,2,2,Rural,1957,273339.0777205339
1028,3,1,Urban,2010,145806.9778864852
2188,3,1,Urban,1979,132414.17762180505
2445,4,1,Rural,1998,380654.63496154535
1338,4,3,Urban,2021,82162.27557986573
2671,5,3,Rural,2012,213976.85964899743
2519,4,2,Suburb,1998,225675.3304178081
2388,3,1,Suburb,1992,253719.62125120836
2856,3,3,Suburb,1966,206099.42510341504
2365,2,1,Urban,2021,233693.17511383988
1499,4,3,Suburb,1992,41630.73903968584
2680,2,1,Suburb,2004,249052.42805366166
1510,3,2,Suburb,2011,184231.20309207158
2350,4,3,Rural,1971,308213.8830350051
1216,2,3,Urban,1966,57095.72060447122
2324,3,2,Urban,2017,182389.1946475966
2155,2,2,Rural,1969,217331.88164170616
2827,4,1,Urban,1978,350242.86844027153
2093,2,3,Urban,1995,289191.5054736979
2275,2,1,Suburb,1963,243496.65823393874
2438,3,1,Suburb,1980,208749.06334160693
2810,4,1,Urban,1980,267005.9190474079
1444,5,3,Rural,1952,105488.09083210795
1875,5,2,Rural,1971,269844.16072456585
2205,2,1,Suburb,2002,238840.57227716382
1166,3,3,Suburb,2003,206852.129632215
1090,4,1,Urban,1976,92241.80581748142
1713,3,2,Rural,1981,133711.23184425896
2881,4,2,Rural,1980,363943.3169361488
2554,3,3,Suburb,1988,254325.53379999197
1038,5,3,Rural,2011,115580.61555255776
2149,5,2,Rural,2006,315570.854831943
2474,5,3,Suburb,2016,290504.41881935316
1172,3,2,Rural,2011,192190.87089628194
1652,3,1,Suburb,1982,204042.48327574137
1753,2,2,Rural,2009,227730.1345025201
2243,5,1,Suburb,1979,315812.0093927289
2661,2,3,Urban,1962,235355.14384911334
2081,3,1,Rural,1969,266445.0244732576
2683,4,2,Rural,2021,373582.4579638869
1475,5,3,Urban,1957,146532.87360307135
1455,5,3,Rural,1970,141658.680700331
1828,5,2,Suburb,1962,311639.1473799411
1894,5,3,Rural,1979,200989.2947203859
2384,5,2,Urban,1998,284763.6398345334
2958,3,1,Suburb,2007,229455.10419490826
2024,5,1,Suburb,1995,253040.83462918125
1386,5,3,Rural,1951,153895.937900664
2996,2,2,Urban,1968,340000.53371239634
1347,4,2,Rural,1976,154491.00607322797
1189,5,1,Rural,1956,194760.36058769596
1504,2,1,Rural,1999,206783.25374908888
2214,3,3,Urban,2002,253978.80475126742
2531,2,2,Suburb,1990,234623.9359452987
2392,5,3,Urban,1961,177596.20161174834
2432,2,3,Urban,1966,244735.0645293368
1823,2,3,Suburb,2021,236688.27176150816
1928,3,2,Rural,2005,205486.3072228253
1933,2,1,Rural,1970,214957.65001214074
2140,3,2,Urban,1963,232001.80999415278
1133,3,2,Urban,1971,31141.661175317786
1057,2,2,Suburb,1958,118092.00217452954
2579,5,3,Urban,1955,295625.1346682316
1684,4,3,Rural,1978,178076.61921988643
1671,2,2,Suburb,1993,195992.02480337096
1172,2,3,Rural,1965,48426.56952724123
2852,2,3,Rural,1993,237828.08700627234
1814,4,1,Suburb,1978,224581.67951386687
2172,4,2,Suburb,1970,240740.18783411043
1079,3,2,Rural,2015,195945.22713417688
1885,4,3,Suburb,2021,249861.14614101723
2236,4,2,Suburb,1985,326922.0049785314
1202,2,2,Urban,1952,206065.58320706734
1763,3,2,Urban,2006,212178.72116261904
2252,5,2,Rural,1998,316517.30020622705
2699,3,3,Rural,1990,240508.83665833162
2250,4,1,Suburb,1999,279073.86395829613
2682,4,3,Suburb,1963,244530.0160029172
2555,2,1,Urban,1972,354766.5624941777
2464,5,2,Suburb,2015,276540.4343396436
2425,5,2,Rural,1989,269753.6360239221
1046,5,2,Urban,1970,92737.39910827587
2256,4,2,Rural,1992,90256.53134838893
2328,4,2,Rural,1995,256324.23144533037
2549,3,2,Rural,1997,215428.4397021493
2166,4,2,Rural,2018,349937.83047997917
2438,5,1,Rural,1979,270658.20070059143
2536,5,3,Urban,1989,341876.2464882541
2396,5,2,Rural,1991,333079.80905804696
2589,2,2,Rural,1973,352650.3372044172
2909,3,2,Rural,2008,384570.0092932205
2282,3,1,Rural,2014,295735.1483372617
1655,4,2,Suburb,2003,195194.70008024535
1470,2,3,Urban,2008,95133.30811467016
2976,3,1,Urban,2009,299964.91612332454
1970,2,1,Suburb,1987,197931.9728010611
2035,2,2,Rural,1951,234129.68073221648
2353,4,1,Urban,2014,352243.84374203807
1735,2,2,Rural,1957,195768.76583076146
1783,3,3,Suburb,1960,189727.3845919774
1967,4,3,Urban,1991,235663.8437831698
1357,3,1,Urban,2004,82170.73832633767
1971,2,1,Rural,1990,238246.37459804575
2431,2,2,Suburb,1952,209647.44750335361
1667,5,1,Urban,1960,204634.1487795993
1372,4,3,Rural,2009,121797.35786225923
2031,4,1,Rural,1959,232913.77870877416
2145,5,3,Rural,1961,260744.77494843025
2371,3,2,Rural,2017,295669.2145331389
1675,3,3,Suburb,1950,222874.72592210292
1089,2,1,Urban,1989,169571.70650048825
2671,4,3,Rural,1988,301400.87618549453
1697,2,3,Suburb,1965,146521.30885491136
2339,5,1,Urban,1974,239841.0991899742
2201,2,2,Urban,1977,250995.74813573709
1539,3,3,Rural,1992,230483.48782444836
1731,3,1,Urban,1956,219340.69060929626
1868,5,3,Rural,1978,271113.41788545327
1040,3,3,Suburb,2012,154006.60360164827
1739,5,3,Urban,1960,208431.56936749088
2727,4,2,Rural,1950,312734.6629286009
2946,5,3,Suburb,1977,342149.84239391383
1501,5,1,Rural,1995,198493.32156194845
1958,5,1,Urban,1952,256779.9117483605
2168,3,3,Suburb,1963,233297.09623688145
2224,4,2,Urban,1988,267938.9424322745
1928,2,1,Urban,1974,210799.65892766285
2747,4,2,Rural,1984,373797.1322616373
1460,3,2,Rural,1979,128689.36466163806
1731,4,1,Suburb,1989,149708.53136453356
1751,4,1,Rural,1960,167144.43736194907
1924,5,2,Suburb,2015,180984.97966438052
1908,5,3,Urban,1988,207714.8483576871
2581,3,2,Urban,1977,226302.52606282648
2570,5,1,Urban,2013,341995.9982288175
2276,3,2,Urban,1952,261788.23030012182
1389,2,1,Suburb,1955,169312.49524263147
2617,4,3,Suburb,1985,246554.25488170618
1882,2,3,Urban,1952,218620.43921642733
1255,2,3,Rural,1969,152644.907943359
1708,4,3,Urban,2019,79441.72986086977
